term,estimate,std.error,statistic,p.value,conf.low,conf.high
gender_adjmale,2.332394224646226,0.12959397943385212,6.534989572204624,6.361397340977726e-11,1.8092199253641186,3.0068554645551
