gender,in_mixed_OR,lower,upper,p
female,0.6714037202408626,0.5073292462824056,0.8885412360050329,0.005326445587901236
male,1.696695659262106,1.3422181384785432,2.1447900886081586,9.80192582545131e-6
