term,OR,lower,upper,p
gender_adjmale:in_mixedmixed,2.3667243650626912,1.67751111177749,3.339104093472249,9.304950301356445e-7
